id,timestamp,voice_a_name,voice_b_name,chosen_voice_name
1,2025-02-17 02:11:03.000000,am_onyx,af_bella,af_bella
2,2025-02-17 02:15:09.000000,bm_george,af_jessica,af_jessica
3,2025-02-17 02:15:28.000000,af_jessica,af_river,af_river
4,2025-02-17 02:18:07.000000,am_adam,am_puck,am_adam
5,2025-02-17 02:18:23.000000,en-US-GuyNeural,en-US-EmmaNeural,en-US-EmmaNeural
6,2025-02-17 02:19:06.000000,en-US-BrianNeural,af_heart,af_heart
7,2025-02-17 02:28:42.000000,bf_isabella,af_bella,af_bella
8,2025-02-17 02:30:02.000000,af_sarah,bm_daniel,bm_daniel
9,2025-02-17 02:31:19.000000,en-US-BrianNeural,af_river,af_river
10,2025-02-17 02:31:41.000000,bf_lily,af_alloy,bf_lily
11,2025-02-17 02:32:03.000000,am_fenrir,en-US-BrianMultilingualNeural,am_fenrir
12,2025-02-17 02:32:16.000000,af_nova,en-US-EmmaNeural,en-US-EmmaNeural
13,2025-02-17 02:32:27.000000,bf_alice,bf_emma,bf_emma
14,2025-02-17 02:33:00.000000,am_santa,en-US-GuyNeural,am_santa
15,2025-02-17 02:33:08.000000,af_heart,am_eric,af_heart
16,2025-02-17 02:33:16.000000,af_alloy,bf_alice,af_alloy
17,2025-02-17 02:34:51.000000,af_nova,en-US-GuyNeural,af_nova
18,2025-02-17 02:35:01.000000,en-US-EmmaMultilingualNeural,am_echo,am_echo
19,2025-02-17 02:35:10.000000,af_bella,bm_daniel,af_bella
20,2025-02-17 02:35:23.000000,am_fenrir,bm_lewis,bm_lewis
21,2025-02-17 02:35:34.000000,en-US-GuyNeural,am_fenrir,am_fenrir
22,2025-02-17 02:35:39.000000,am_puck,am_onyx,am_onyx
23,2025-02-17 02:36:07.000000,am_michael,en-US-AndrewMultilingualNeural,en-US-AndrewMultilingualNeural
24,2025-02-17 02:36:14.000000,en-US-EricNeural,af_alloy,af_alloy
25,2025-02-17 02:36:24.000000,bf_lily,af_nicole,bf_lily
26,2025-02-17 02:37:17.000000,am_santa,en-US-EmmaMultilingualNeural,am_santa
27,2025-02-17 02:37:23.000000,bm_fable,af_nicole,bm_fable
28,2025-02-17 02:37:53.000000,en-US-AndrewNeural,am_liam,en-US-AndrewNeural
29,2025-02-17 02:38:03.000000,af_river,en-US-EricNeural,af_river
30,2025-02-17 02:42:29.000000,af_nicole,af_jessica,af_jessica
31,2025-02-17 02:42:38.000000,en-US-EmmaMultilingualNeural,af_nicole,en-US-EmmaMultilingualNeural
32,2025-02-17 02:42:49.000000,af_aoede,en-US-AndrewNeural,af_aoede
33,2025-02-17 02:42:56.000000,am_santa,en-US-AndrewNeural,am_santa
34,2025-02-17 02:42:59.000000,en-US-AnaNeural,am_michael,am_michael
35,2025-02-17 02:46:17.000000,af_river,am_adam,af_river
36,2025-02-17 02:46:22.000000,af_kore,bm_daniel,bm_daniel
37,2025-02-17 02:46:32.000000,bm_george,en-US-EmmaNeural,en-US-EmmaNeural
38,2025-02-17 02:46:38.000000,en-US-ChristopherNeural,bf_emma,bf_emma
39,2025-02-17 02:46:45.000000,af_kore,am_santa,am_santa
40,2025-02-17 02:46:52.000000,af_river,am_michael,am_michael
41,2025-02-17 02:46:56.000000,af_river,bm_fable,af_river
42,2025-02-17 02:47:01.000000,af_jessica,en-US-BrianNeural,af_jessica
43,2025-02-17 02:47:05.000000,bm_fable,am_santa,am_santa
44,2025-02-17 13:46:46.000000,af_sarah,en-US-RogerNeural,af_sarah
45,2025-02-17 13:47:43.000000,bf_lily,bm_daniel,bm_daniel
46,2025-02-17 18:13:18.000000,en-US-AndrewNeural,en-US-EricNeural,en-US-AndrewNeural
47,2025-02-17 18:13:26.000000,am_adam,bm_fable,am_adam
48,2025-02-17 18:13:34.000000,en-US-EricNeural,en-US-AnaNeural,en-US-EricNeural
49,2025-02-17 18:13:44.000000,en-US-ChristopherNeural,af_alloy,af_alloy
50,2025-02-17 18:13:53.000000,bf_isabella,am_eric,bf_isabella
51,2025-02-17 18:14:03.000000,bm_daniel,en-US-AndrewMultilingualNeural,en-US-AndrewMultilingualNeural
52,2025-02-17 18:35:10.000000,af_alloy,am_puck,am_puck
53,2025-02-17 18:39:22.000000,af_jessica,af_aoede,af_jessica
54,2025-02-17 18:43:19.000000,en-US-BrianMultilingualNeural,bm_fable,en-US-BrianMultilingualNeural
55,2025-02-17 18:43:30.000000,am_fenrir,am_puck,am_fenrir
56,2025-02-17 18:43:43.000000,bf_alice,af_nova,af_nova
57,2025-02-17 18:43:57.000000,af_kore,am_santa,af_kore
58,2025-02-17 18:44:02.000000,af_alloy,en-US-EmmaMultilingualNeural,en-US-EmmaMultilingualNeural
59,2025-02-17 18:44:08.000000,af_nicole,af_bella,af_bella
60,2025-02-17 18:44:14.000000,bm_fable,am_fenrir,am_fenrir
61,2025-02-17 18:44:31.000000,bf_lily,en-US-EmmaMultilingualNeural,en-US-EmmaMultilingualNeural
62,2025-02-17 18:47:42.000000,am_puck,en-US-ChristopherNeural,am_puck
63,2025-02-17 18:47:52.000000,af_sarah,bm_lewis,bm_lewis
64,2025-02-17 18:47:55.000000,bf_isabella,en-US-AnaNeural,bf_isabella
65,2025-02-17 18:48:06.000000,en-US-ChristopherNeural,af_sky,af_sky
66,2025-02-17 18:50:49.000000,en-US-RogerNeural,af_sky,af_sky
67,2025-02-17 18:51:27.000000,en-US-BrianNeural,en-US-GuyNeural,en-US-BrianNeural
68,2025-02-17 18:51:45.000000,bf_emma,en-US-EricNeural,bf_emma
69,2025-02-17 18:52:02.000000,af_alloy,bm_lewis,bm_lewis
70,2025-02-17 18:53:53.000000,af_nova,af_nicole,af_nicole
71,2025-02-17 18:54:01.000000,af_jessica,am_eric,am_eric
72,2025-02-17 18:54:07.000000,bm_daniel,af_aoede,bm_daniel
73,2025-02-17 18:54:28.000000,af_sky,en-US-BrianNeural,en-US-BrianNeural
74,2025-02-17 18:54:33.000000,bf_lily,bm_lewis,bm_lewis
75,2025-02-17 18:54:39.000000,af_kore,am_adam,af_kore
76,2025-02-17 18:54:47.000000,af_nova,en-US-ChristopherNeural,af_nova
77,2025-02-17 18:54:54.000000,am_liam,en-US-SteffanNeural,am_liam
78,2025-02-17 18:55:01.000000,am_echo,bm_george,bm_george
79,2025-02-17 18:55:19.000000,af_heart,en-US-EricNeural,af_heart
80,2025-02-17 18:55:43.000000,en-US-EmmaMultilingualNeural,en-US-AndrewMultilingualNeural,en-US-EmmaMultilingualNeural
81,2025-02-17 18:56:14.000000,af_aoede,en-US-AnaNeural,af_aoede
82,2025-02-17 18:56:24.000000,af_jessica,en-US-BrianNeural,en-US-BrianNeural
83,2025-02-17 18:56:46.000000,bm_daniel,bf_lily,bm_daniel
84,2025-02-17 18:57:03.000000,en-US-ChristopherNeural,af_river,en-US-ChristopherNeural
85,2025-02-17 18:57:12.000000,en-US-AndrewMultilingualNeural,bm_george,bm_george
86,2025-02-17 18:57:18.000000,am_liam,am_echo,am_echo
87,2025-02-17 18:57:27.000000,af_sky,bf_emma,bf_emma
88,2025-02-17 18:57:34.000000,en-US-AndrewNeural,bm_fable,en-US-AndrewNeural
89,2025-02-17 18:57:45.000000,en-US-GuyNeural,am_santa,am_santa
90,2025-02-17 19:26:16.000000,en-US-BrianMultilingualNeural,af_nova,af_nova
91,2025-02-17 19:26:20.000000,en-US-AnaNeural,en-US-ChristopherNeural,en-US-ChristopherNeural
92,2025-02-17 19:37:31.000000,bm_george,en-US-AndrewNeural,en-US-AndrewNeural
93,2025-02-18 15:35:47.000000,am_onyx,en-US-SteffanNeural,am_onyx
94,2025-02-18 15:36:07.000000,af_heart,af_sarah,af_heart
95,2025-02-18 15:36:17.000000,am_echo,am_liam,am_liam
96,2025-02-18 15:43:08.000000,am_michael,am_onyx,am_onyx
97,2025-02-18 15:43:27.000000,bf_alice,bf_isabella,bf_isabella
98,2025-02-18 15:44:45.000000,en-US-RogerNeural,en-US-BrianMultilingualNeural,en-US-BrianMultilingualNeural
99,2025-02-18 15:44:53.000000,en-US-SteffanNeural,en-US-BrianMultilingualNeural,en-US-BrianMultilingualNeural
100,2025-02-18 15:45:06.000000,af_aoede,af_bella,af_bella
101,2025-02-18 15:45:26.000000,af_heart,af_sarah,af_heart
102,2025-02-18 15:48:45.000000,am_echo,am_eric,am_eric
103,2025-02-18 15:48:58.000000,am_liam,am_michael,am_liam
104,2025-02-18 15:49:13.000000,am_onyx,bf_alice,am_onyx
105,2025-02-18 15:49:25.000000,bf_emma,bf_isabella,bf_emma
106,2025-02-18 15:49:32.000000,bm_lewis,en-US-EmmaNeural,bm_lewis
107,2025-02-18 16:23:23.000000,en-US-SteffanNeural,en-US-EmmaNeural,en-US-EmmaNeural
108,2025-02-18 16:25:11.000000,af_kore,en-US-RogerNeural,af_kore
109,2025-02-18 16:25:18.000000,en-US-AndrewNeural,en-US-SteffanNeural,en-US-SteffanNeural
110,2025-02-18 16:29:25.000000,en-US-AndrewMultilingualNeural,bm_george,en-US-AndrewMultilingualNeural
111,2025-02-18 16:29:48.000000,am_echo,am_adam,am_adam
112,2025-02-18 16:33:44.000000,am_onyx,en-US-AndrewMultilingualNeural,en-US-AndrewMultilingualNeural
113,2025-02-18 16:33:55.000000,af_sarah,am_michael,am_michael
114,2025-02-18 16:34:03.000000,bf_emma,am_liam,am_liam
115,2025-02-18 16:34:17.000000,af_kore,en-US-SteffanNeural,en-US-SteffanNeural
116,2025-02-18 16:34:24.000000,af_sky,af_bella,af_bella
117,2025-02-18 16:34:36.000000,bf_isabella,bf_alice,bf_isabella
118,2025-02-18 16:34:54.000000,am_fenrir,am_eric,am_fenrir
119,2025-02-18 16:35:08.000000,af_aoede,af_heart,af_heart
120,2025-02-18 16:49:32.000000,am_puck,en-US-BrianMultilingualNeural,en-US-BrianMultilingualNeural
121,2025-02-18 16:49:38.000000,bm_lewis,en-US-SteffanNeural,bm_lewis
122,2025-02-18 16:49:47.000000,en-US-AndrewMultilingualNeural,af_bella,af_bella
123,2025-02-18 16:49:53.000000,af_nova,af_sarah,af_sarah
124,2025-02-18 16:50:33.000000,en-US-BrianNeural,af_heart,af_heart
125,2025-02-18 16:50:48.000000,am_fenrir,bf_emma,bf_emma
126,2025-02-18 16:51:01.000000,en-US-EmmaMultilingualNeural,en-US-EmmaNeural,en-US-EmmaNeural
127,2025-02-18 18:14:17.000000,en-US-RogerNeural,en-US-AndrewMultilingualNeural,en-US-AndrewMultilingualNeural
128,2025-02-18 18:14:24.000000,am_adam,en-US-AnaNeural,am_adam
129,2025-02-18 18:14:31.000000,af_sky,en-US-RogerNeural,af_sky
130,2025-02-18 18:14:38.000000,am_eric,am_puck,am_puck
131,2025-02-18 18:14:47.000000,en-US-GuyNeural,am_liam,am_liam
132,2025-02-18 18:21:59.000000,af_sky,am_echo,af_sky
133,2025-02-18 18:25:09.000000,am_adam,en-US-EmmaNeural,am_adam
134,2025-02-18 18:25:14.000000,en-US-BrianMultilingualNeural,bf_emma,bf_emma
135,2025-02-18 18:25:22.000000,bm_george,bf_isabella,bf_isabella
136,2025-02-18 18:25:23.000000,bm_george,bf_isabella,bf_isabella
137,2025-02-18 18:27:25.000000,en-US-EricNeural,af_sarah,af_sarah
138,2025-02-18 18:27:29.000000,en-US-AnaNeural,af_alloy,af_alloy
139,2025-02-18 18:27:38.000000,af_kore,am_michael,am_michael
140,2025-02-18 18:27:41.000000,bm_lewis,bf_alice,bm_lewis
141,2025-02-18 18:27:48.000000,am_onyx,af_nicole,am_onyx
142,2025-02-18 18:27:56.000000,en-US-RogerNeural,am_liam,am_liam
143,2025-02-18 18:30:18.000000,am_eric,bf_lily,bf_lily
144,2025-02-18 18:30:26.000000,af_aoede,en-US-EricNeural,af_aoede
145,2025-02-18 18:30:40.000000,am_onyx,en-US-BrianNeural,en-US-BrianNeural
146,2025-02-18 18:30:50.000000,am_puck,bm_lewis,bm_lewis
147,2025-02-18 20:21:21.000000,en-US-ChristopherNeural,am_echo,am_echo
148,2025-02-18 20:21:27.000000,en-US-EmmaNeural,bm_daniel,bm_daniel
149,2025-02-18 20:21:54.000000,af_jessica,am_michael,am_michael
150,2025-02-18 20:24:55.000000,af_river,am_fenrir,am_fenrir
151,2025-02-18 20:25:04.000000,en-US-BrianNeural,af_nova,en-US-BrianNeural
152,2025-02-18 20:25:15.000000,en-US-GuyNeural,en-US-RogerNeural,en-US-GuyNeural
153,2025-02-18 20:25:21.000000,en-US-SteffanNeural,am_eric,am_eric
154,2025-02-18 20:32:01.000000,af_kore,af_nova,af_nova
155,2025-02-18 20:33:07.000000,en-US-AndrewMultilingualNeural,af_river,en-US-AndrewMultilingualNeural
156,2025-02-18 20:34:12.000000,en-US-AndrewMultilingualNeural,am_adam,am_adam
157,2025-02-18 20:34:21.000000,am_adam,am_liam,am_adam
158,2025-02-18 20:34:29.000000,af_aoede,bf_lily,bf_lily
159,2025-02-18 20:34:39.000000,af_aoede,am_eric,af_aoede
160,2025-02-18 20:35:06.000000,af_bella,af_heart,af_bella
161,2025-02-18 20:40:11.000000,af_heart,bf_emma,af_heart
162,2025-02-18 20:40:19.000000,en-US-BrianMultilingualNeural,en-US-BrianNeural,en-US-BrianMultilingualNeural
163,2025-02-18 20:40:29.000000,en-US-BrianMultilingualNeural,am_onyx,am_onyx
164,2025-02-18 20:40:38.000000,am_fenrir,bm_daniel,bm_daniel
165,2025-02-18 20:40:49.000000,af_nova,af_sky,af_sky
166,2025-02-18 20:52:18.000000,am_santa,bm_daniel,bm_daniel
167,2025-02-18 20:52:30.000000,af_jessica,bf_lily,bf_lily
168,2025-02-18 20:52:40.000000,en-US-EmmaMultilingualNeural,af_river,af_river
169,2025-02-18 20:52:46.000000,am_adam,am_santa,am_adam
170,2025-02-18 20:52:56.000000,af_kore,am_puck,am_puck
171,2025-02-18 20:53:10.000000,af_alloy,af_nova,af_nova
172,2025-02-18 20:58:43.000000,en-US-AndrewNeural,bf_lily,bf_lily
173,2025-02-18 20:58:52.000000,af_kore,am_echo,am_echo
174,2025-02-18 21:14:47.000000,af_jessica,am_puck,af_jessica
175,2025-02-18 21:14:55.000000,am_echo,am_puck,am_puck
176,2025-02-18 21:15:02.000000,am_adam,bf_emma,am_adam
177,2025-02-19 01:28:35.000000,af_aoede,am_puck,af_aoede
178,2025-02-19 01:28:42.000000,en-US-EmmaNeural,af_river,af_river
179,2025-02-19 01:28:53.000000,en-US-BrianNeural,en-US-EmmaMultilingualNeural,en-US-BrianNeural
180,2025-02-19 01:29:01.000000,af_river,am_liam,am_liam
181,2025-02-19 02:36:16.000000,af_aoede,am_puck,af_aoede
182,2025-02-19 02:36:29.000000,en-US-EmmaNeural,af_sky,af_sky
183,2025-02-19 02:36:44.000000,en-US-AndrewNeural,en-US-EmmaMultilingualNeural,en-US-EmmaMultilingualNeural
184,2025-02-19 02:37:07.000000,am_fenrir,am_santa,am_santa
185,2025-02-19 03:19:47.000000,en-US-EmmaMultilingualNeural,af_aoede,af_aoede
186,2025-02-19 03:19:56.000000,en-US-AndrewNeural,af_alloy,en-US-AndrewNeural
187,2025-02-19 03:20:06.000000,am_liam,bf_isabella,bf_isabella
188,2025-02-19 18:40:43.000000,af_alloy,af_sarah,af_alloy
189,2025-02-19 18:41:10.000000,af_sarah,am_eric,am_eric
190,2025-02-19 18:41:56.000000,af_sky,am_fenrir,af_sky
191,2025-02-19 18:42:14.000000,am_liam,am_onyx,am_onyx
192,2025-02-19 18:42:44.000000,en-US-BrianNeural,af_aoede,en-US-BrianNeural
193,2025-02-20 19:17:39.000000,en-US-EmmaNeural,af_aoede,af_aoede
194,2025-02-20 19:17:50.000000,en-US-AndrewMultilingualNeural,en-US-BrianNeural,en-US-AndrewMultilingualNeural
195,2025-02-24 16:47:46.000000,en-US-SteffanNeural,af_sarah,af_sarah
196,2025-02-24 16:47:59.000000,en-US-EmmaNeural,af_jessica,af_jessica
197,2025-02-24 16:48:08.000000,en-US-ChristopherNeural,en-US-SteffanNeural,en-US-SteffanNeural
198,2025-02-24 16:48:18.000000,af_kore,bm_george,bm_george
199,2025-02-26 02:11:06.000000,am_puck,bm_george,am_puck
200,2025-02-26 02:11:15.000000,am_fenrir,bf_lily,am_fenrir
201,2025-02-26 02:12:00.000000,en-US-AndrewMultilingualNeural,af_sky,en-US-AndrewMultilingualNeural
202,2025-02-26 02:12:09.000000,en-US-ChristopherNeural,af_nicole,af_nicole
203,2025-02-26 02:12:18.000000,af_sky,am_liam,af_sky
204,2025-02-26 02:12:29.000000,en-US-ChristopherNeural,en-US-EricNeural,en-US-EricNeural
205,2025-03-16 18:56:09.000000,en-US-EricNeural,bm_fable,bm_fable
206,2025-03-16 18:56:16.000000,en-US-BrianNeural,am_liam,en-US-BrianNeural
207,2025-03-28 13:58:07.000000,af_jessica,am_liam,am_liam
208,2025-03-28 13:58:42.000000,en-US-BrianMultilingualNeural,af_aoede,af_aoede
209,2025-03-28 13:59:00.000000,en-US-ChristopherNeural,bf_alice,en-US-ChristopherNeural
210,2025-05-13 09:13:18.000000,en-US-BrianNeural,am_michael,am_michael
211,2025-07-13 13:58:41.000000,af_aoede,af_river,af_aoede
212,2025-07-13 13:58:48.000000,af_kore,af_nicole,af_kore
213,2025-07-13 13:58:54.000000,af_aoede,am_michael,am_michael
214,2025-08-05 15:55:20.000000,en-US-AnaNeural,bf_alice,en-US-AnaNeural
215,2025-08-05 15:55:47.000000,af_jessica,af_nova,af_nova
216,2025-08-05 15:55:56.000000,am_onyx,am_santa,am_santa
217,2025-08-05 15:56:05.000000,af_bella,bm_lewis,bm_lewis
218,2025-12-21 22:38:30.000000,am_santa,bf_emma,bf_emma
219,2026-01-29 16:17:58.000000,af_sarah,bm_george,bm_george
220,2026-01-29 16:18:02.000000,en-US-GuyNeural,en-US-AnaNeural,en-US-GuyNeural
221,2026-03-02 22:02:43.000000,en-US-EricNeural,en-US-GuyNeural,en-US-EricNeural
222,2026-03-02 22:02:56.000000,en-US-EricNeural,af_nicole,af_nicole
223,2026-03-02 22:03:05.000000,en-US-ChristopherNeural,en-US-GuyNeural,en-US-ChristopherNeural
224,2026-03-02 22:03:13.000000,af_nova,bf_lily,bf_lily
225,2026-03-25 13:49:26.000000,af_river,bf_lily,af_river
226,2026-03-25 13:49:36.000000,en-US-EmmaNeural,af_alloy,en-US-EmmaNeural
227,2026-03-25 13:49:45.000000,af_aoede,am_fenrir,am_fenrir
228,2026-03-25 14:57:26.318554,af_aoede,am_liam,af_aoede
229,2026-03-25 15:11:54.281197,af_alloy,am_eric,af_alloy
230,2026-03-25 15:12:22.861606,am_liam,bf_lily,am_liam
231,2026-03-25 15:12:45.685061,am_fenrir,am_onyx,am_onyx
232,2026-03-25 16:59:12.800967,inworld_voice_abby,inworld_voice_anjali,inworld_voice_anjali
233,2026-03-25 16:59:25.364143,inworld_voice_alex,inworld_voice_avery,inworld_voice_alex
234,2026-03-25 16:59:40.281628,inworld_voice_amina,inworld_voice_arjun,inworld_voice_amina
235,2026-03-25 16:59:51.077007,inworld_voice_ashley,inworld_voice_brandon,inworld_voice_ashley
236,2026-03-25 16:59:57.171352,inworld_voice_bianca,inworld_voice_carter,inworld_voice_bianca
237,2026-03-25 17:01:29.762735,inworld_voice_blake,inworld_voice_celeste,inworld_voice_blake
238,2026-03-25 17:01:41.640237,inworld_voice_brian,inworld_voice_cedric,inworld_voice_cedric
239,2026-03-25 17:01:49.369453,inworld_voice_callum,inworld_voice_conrad,inworld_voice_callum
240,2026-03-25 17:02:01.146128,inworld_voice_chloe,inworld_voice_claire,inworld_voice_chloe
241,2026-03-25 17:02:09.923434,inworld_voice_clive,inworld_voice_deborah,inworld_voice_clive
242,2026-03-25 17:02:18.542855,inworld_voice_craig,inworld_voice_dennis,inworld_voice_craig
243,2026-03-25 17:02:24.323448,inworld_voice_damon,inworld_voice_dominus,inworld_voice_damon
244,2026-03-25 17:09:15.301338,en-US-AndrewNeural,inworld_voice_liam,inworld_voice_liam
245,2026-03-25 17:09:20.729423,en-US-EmmaMultilingualNeural,inworld_voice_jason,inworld_voice_jason
246,2026-03-25 17:09:31.370869,bf_lily,inworld_voice_mark,inworld_voice_mark
247,2026-03-25 17:09:43.088371,en-US-EmmaNeural,inworld_voice_jake,inworld_voice_jake
248,2026-03-25 17:09:53.127989,en-US-BrianMultilingualNeural,inworld_voice_ronald,en-US-BrianMultilingualNeural
249,2026-03-25 17:11:11.668449,bf_lily,inworld_voice_naomi,bf_lily
250,2026-03-25 17:11:21.140510,bf_lily,inworld_voice_reed,inworld_voice_reed
251,2026-03-25 17:12:12.975652,af_nova,inworld_voice_nate,af_nova
252,2026-03-25 17:12:20.740115,bf_lily,inworld_voice_saanvi,bf_lily
253,2026-03-25 17:12:26.723653,bf_lily,inworld_voice_evelyn,bf_lily
254,2026-03-25 17:12:36.399751,en-US-AndrewNeural,inworld_voice_pippa,inworld_voice_pippa
255,2026-03-25 17:12:40.839374,en-US-EmmaNeural,inworld_voice_jessica,inworld_voice_jessica
256,2026-03-25 17:15:31.072980,en-US-EmmaMultilingualNeural,inworld_voice_hades,inworld_voice_hades
257,2026-03-25 17:17:02.286846,en-US-BrianMultilingualNeural,inworld_voice_hank,inworld_voice_hank
258,2026-03-25 17:17:07.314032,en-US-BrianMultilingualNeural,inworld_voice_malcolm,en-US-BrianMultilingualNeural
259,2026-03-25 17:17:19.454143,af_jessica,inworld_voice_kayla,inworld_voice_kayla
260,2026-03-25 17:17:30.241174,bf_lily,inworld_voice_vinny,inworld_voice_vinny
261,2026-03-25 17:17:41.351112,bf_lily,inworld_voice_graham,inworld_voice_graham
262,2026-03-25 17:17:48.452548,bf_lily,inworld_voice_eleanor,bf_lily
263,2026-03-25 17:18:00.806128,bf_lily,inworld_voice_priya,bf_lily
264,2026-03-25 17:31:41.730779,en-US-BrianMultilingualNeural,inworld_voice_nadia,en-US-BrianMultilingualNeural
265,2026-03-25 17:31:56.777623,inworld_voice_luna,af_nova,af_nova
266,2026-03-25 17:32:00.863700,bf_lily,inworld_voice_wendy,inworld_voice_wendy
267,2026-03-25 17:32:11.946553,bf_lily,inworld_voice_sarah,inworld_voice_sarah
268,2026-03-25 17:32:21.071686,bf_lily,inworld_voice_pixie,bf_lily
269,2026-03-25 17:32:31.265707,inworld_voice_serena,bf_lily,inworld_voice_serena
270,2026-03-25 17:33:00.240918,bf_lily,inworld_voice_darlene,inworld_voice_darlene
271,2026-03-25 19:13:23.912129,inworld_voice_trevor,en-US-AndrewNeural,inworld_voice_trevor
272,2026-03-25 19:13:32.741811,inworld_voice_marcus,en-US-EmmaNeural,inworld_voice_marcus
273,2026-03-25 19:13:39.989885,en-US-EmmaMultilingualNeural,inworld_voice_lauren,inworld_voice_lauren
274,2026-03-25 19:14:28.306671,inworld_voice_deborah,en-US-AndrewNeural,en-US-AndrewNeural
275,2026-03-25 19:14:35.455451,en-US-AndrewNeural,inworld_voice_mortimer,en-US-AndrewNeural
276,2026-03-25 19:14:43.035081,inworld_voice_rupert,en-US-AndrewNeural,inworld_voice_rupert
277,2026-03-25 19:14:53.573365,en-US-EmmaMultilingualNeural,inworld_voice_abby,en-US-EmmaMultilingualNeural
278,2026-03-25 19:15:00.279066,af_jessica,inworld_voice_levi,inworld_voice_levi
279,2026-03-25 19:15:09.913172,en-US-AndrewNeural,inworld_voice_edward,inworld_voice_edward
280,2026-03-25 19:15:31.032820,inworld_voice_anjali,en-US-BrianNeural,en-US-BrianNeural
281,2026-03-25 19:15:42.927002,en-US-EmmaMultilingualNeural,inworld_voice_sophie,en-US-EmmaMultilingualNeural
282,2026-03-25 19:15:54.023184,en-US-EmmaMultilingualNeural,inworld_voice_selene,inworld_voice_selene
283,2026-03-25 19:16:04.770845,inworld_voice_eleanor,af_jessica,inworld_voice_eleanor
284,2026-03-25 19:16:10.081266,en-US-BrianMultilingualNeural,inworld_voice_oliver,inworld_voice_oliver
285,2026-03-25 19:16:17.289712,inworld_voice_riley,en-US-BrianMultilingualNeural,en-US-BrianMultilingualNeural
286,2026-03-25 19:16:26.191143,inworld_voice_tristan,af_nova,inworld_voice_tristan
287,2026-03-25 19:16:35.720351,af_nova,inworld_voice_duncan,inworld_voice_duncan
288,2026-03-25 19:16:43.931050,inworld_voice_julia,af_nova,af_nova
289,2026-03-25 19:16:50.678893,af_nova,inworld_voice_hana,af_nova
290,2026-03-25 19:17:02.800782,af_alloy,inworld_voice_julia,inworld_voice_julia
291,2026-03-25 19:17:07.865689,inworld_voice_evan,bf_lily,inworld_voice_evan
292,2026-03-25 19:17:21.234885,en-US-EmmaMultilingualNeural,inworld_voice_theodore,inworld_voice_theodore
293,2026-03-25 19:17:30.028795,inworld_voice_olivia,en-US-BrianMultilingualNeural,inworld_voice_olivia
294,2026-03-25 19:17:40.873046,inworld_voice_felix,en-US-BrianMultilingualNeural,inworld_voice_felix
295,2026-03-25 19:17:54.009437,inworld_voice_simon,en-US-BrianMultilingualNeural,inworld_voice_simon
296,2026-03-25 19:18:01.198139,en-US-BrianMultilingualNeural,inworld_voice_jonah,inworld_voice_jonah
297,2026-03-25 19:18:13.935011,en-US-BrianMultilingualNeural,inworld_voice_derek,inworld_voice_derek
298,2026-03-25 19:21:16.394940,en-US-BrianMultilingualNeural,inworld_voice_ethan,inworld_voice_ethan
299,2026-03-25 19:22:06.979151,inworld_voice_saanvi,af_alloy,af_alloy
300,2026-03-25 19:23:32.539135,inworld_voice_nate,af_alloy,af_alloy
301,2026-03-25 19:24:16.471433,af_alloy,inworld_voice_james,af_alloy
302,2026-03-25 19:24:24.865707,af_nova,inworld_voice_kelsey,inworld_voice_kelsey
303,2026-03-25 19:24:38.096814,inworld_voice_gareth,af_alloy,af_alloy
304,2026-03-25 19:24:47.251787,inworld_voice_victoria,af_nova,inworld_voice_victoria
305,2026-03-25 19:25:09.083330,af_alloy,inworld_voice_veronica,af_alloy
306,2026-03-25 19:25:20.114802,inworld_voice_shaun,af_nova,inworld_voice_shaun
307,2026-03-25 19:26:21.245699,inworld_voice_victor,af_alloy,inworld_voice_victor
308,2026-03-25 19:26:35.074488,inworld_voice_elliot,af_nova,inworld_voice_elliot
309,2026-03-25 19:26:40.458254,inworld_voice_timothy,af_alloy,af_alloy
310,2026-03-25 19:26:47.134452,inworld_voice_snik,af_nova,af_nova
311,2026-03-25 19:26:55.885483,inworld_voice_tyler,af_alloy,inworld_voice_tyler
312,2026-03-25 19:27:05.080498,inworld_voice_lucian,af_nova,inworld_voice_lucian
313,2026-03-25 19:27:31.652350,inworld_voice_marlene,af_alloy,af_alloy
314,2026-03-25 19:27:35.098632,inworld_voice_riley,en-US-AndrewNeural,en-US-AndrewNeural
315,2026-03-25 19:27:46.215363,inworld_voice_loretta,af_nova,inworld_voice_loretta
316,2026-03-25 19:27:54.337294,inworld_voice_elliot,af_alloy,inworld_voice_elliot
317,2026-03-25 19:28:07.998904,inworld_voice_sebastian,af_nova,af_nova
318,2026-03-25 19:28:09.999545,af_alloy,inworld_voice_elizabeth,inworld_voice_elizabeth
319,2026-03-25 19:28:32.260768,inworld_voice_grant,af_nova,inworld_voice_grant
320,2026-03-25 19:30:23.729443,inworld_voice_mia,af_alloy,af_alloy
321,2026-03-25 19:30:50.598372,en-US-EmmaMultilingualNeural,inworld_voice_nadia,inworld_voice_nadia
322,2026-03-25 19:31:07.852654,en-US-BrianMultilingualNeural,inworld_voice_tessa,en-US-BrianMultilingualNeural
323,2026-03-25 19:40:49.781020,inworld_voice_callum,inworld_voice_chloe,inworld_voice_chloe
324,2026-03-25 19:40:59.421504,inworld_voice_bianca,inworld_voice_ashley,inworld_voice_bianca
325,2026-03-25 19:41:03.661677,inworld_voice_celeste,inworld_voice_arjun,inworld_voice_arjun
326,2026-03-25 19:41:27.512976,inworld_voice_conrad,inworld_voice_carter,inworld_voice_conrad
327,2026-03-25 19:41:39.472898,inworld_voice_brian,inworld_voice_brandon,inworld_voice_brandon
328,2026-03-25 19:41:47.326948,inworld_voice_damon,inworld_voice_craig,inworld_voice_craig
329,2026-03-25 19:41:54.799467,inworld_voice_dennis,inworld_voice_dominus,inworld_voice_dennis
330,2026-03-25 19:42:12.114780,inworld_voice_cedric,inworld_voice_blake,inworld_voice_cedric
331,2026-03-25 19:42:45.252957,inworld_voice_claire,inworld_voice_avery,inworld_voice_avery
332,2026-03-25 19:43:00.667829,inworld_voice_graham,inworld_voice_victor,inworld_voice_victor
333,2026-03-25 19:43:07.926663,inworld_voice_amina,inworld_voice_clive,inworld_voice_clive
334,2026-03-25 19:43:14.778446,inworld_voice_priya,inworld_voice_evelyn,inworld_voice_evelyn
335,2026-03-25 19:43:23.407586,inworld_voice_loretta,inworld_voice_grant,inworld_voice_loretta
336,2026-03-25 19:45:05.001395,inworld_voice_miranda,en-US-AndrewNeural,en-US-AndrewNeural
337,2026-03-25 19:45:13.648138,inworld_voice_hamish,bf_lily,bf_lily
338,2026-03-25 19:45:20.522716,am_liam,inworld_voice_kelsey,inworld_voice_kelsey
339,2026-03-25 19:45:24.453305,inworld_voice_luna,en-US-EmmaNeural,en-US-EmmaNeural
340,2026-03-25 19:45:34.814330,am_liam,inworld_voice_lauren,inworld_voice_lauren
341,2026-03-25 19:45:44.993175,inworld_voice_sebastian,en-US-EmmaMultilingualNeural,en-US-EmmaMultilingualNeural
342,2026-03-25 19:45:53.979495,inworld_voice_sophie,am_puck,am_puck
343,2026-03-25 19:45:59.914198,inworld_voice_malcolm,en-US-EmmaMultilingualNeural,en-US-EmmaMultilingualNeural
344,2026-03-25 19:46:03.073988,am_puck,inworld_voice_pixie,am_puck
345,2026-03-25 19:46:09.076556,inworld_voice_james,af_jessica,af_jessica
346,2026-03-25 19:47:23.228722,inworld_voice_miranda,af_jessica,inworld_voice_miranda
347,2026-03-25 19:47:30.977575,en-US-BrianNeural,inworld_voice_tristan,inworld_voice_tristan
348,2026-03-25 19:47:36.313208,inworld_voice_hana,en-US-EmmaMultilingualNeural,en-US-EmmaMultilingualNeural
349,2026-03-25 19:47:44.098314,inworld_voice_alex,en-US-BrianNeural,en-US-BrianNeural
350,2026-03-25 19:47:54.668500,af_jessica,inworld_voice_veronica,af_jessica
351,2026-03-25 19:48:06.500242,inworld_voice_duncan,en-US-BrianNeural,inworld_voice_duncan
352,2026-03-25 20:10:54.100136,inworld_voice_timothy,af_jessica,af_jessica
353,2026-03-25 20:11:00.189120,en-US-BrianNeural,inworld_voice_mark,inworld_voice_mark
354,2026-03-25 20:11:04.895724,af_jessica,inworld_voice_marlene,af_jessica
355,2026-03-25 20:11:27.449060,inworld_voice_kayla,en-US-BrianNeural,en-US-BrianNeural
356,2026-03-25 20:11:31.970601,inworld_voice_mortimer,am_puck,am_puck
357,2026-03-25 20:11:46.756339,inworld_voice_tyler,en-US-BrianNeural,inworld_voice_tyler
358,2026-03-25 20:11:52.236500,inworld_voice_trevor,am_liam,inworld_voice_trevor
359,2026-03-25 20:12:01.530989,en-US-BrianNeural,inworld_voice_hades,en-US-BrianNeural
360,2026-03-25 20:12:06.131898,af_jessica,inworld_voice_snik,af_jessica
361,2026-03-25 20:12:20.915647,en-US-BrianNeural,inworld_voice_shaun,en-US-BrianNeural
362,2026-03-25 20:12:25.715103,inworld_voice_naomi,en-US-EmmaMultilingualNeural,en-US-EmmaMultilingualNeural
363,2026-03-25 20:12:31.618838,inworld_voice_olivia,en-US-BrianNeural,inworld_voice_olivia
364,2026-03-25 20:12:39.101136,en-US-EmmaNeural,inworld_voice_ronald,en-US-EmmaNeural
365,2026-03-25 20:12:49.504497,en-US-BrianNeural,inworld_voice_wendy,en-US-BrianNeural
366,2026-03-25 20:12:53.364194,af_aoede,inworld_voice_oliver,inworld_voice_oliver
367,2026-03-25 20:12:58.642574,en-US-BrianNeural,inworld_voice_hank,en-US-BrianNeural
368,2026-03-25 21:18:46.142729,af_aoede,inworld_voice_simon,af_aoede
369,2026-03-25 21:18:54.331153,inworld_voice_lucian,en-US-BrianNeural,en-US-BrianNeural
370,2026-03-25 21:19:04.936256,inworld_voice_tessa,am_puck,am_puck
371,2026-03-25 21:19:12.193967,inworld_voice_rupert,am_liam,am_liam
372,2026-03-25 21:19:19.178826,af_aoede,inworld_voice_victoria,inworld_voice_victoria
373,2026-03-25 21:19:26.780126,inworld_voice_evan,am_liam,am_liam
374,2026-03-25 21:19:39.894015,inworld_voice_serena,af_aoede,inworld_voice_serena
375,2026-03-25 21:19:47.684007,inworld_voice_jason,am_liam,inworld_voice_jason
376,2026-03-25 21:19:52.766344,inworld_voice_vinny,af_aoede,inworld_voice_vinny
377,2026-03-25 21:20:11.636396,am_liam,inworld_voice_ethan,inworld_voice_ethan
378,2026-03-25 21:20:20.103308,af_aoede,inworld_voice_elizabeth,inworld_voice_elizabeth
379,2026-03-25 21:20:25.891540,am_liam,inworld_voice_theodore,am_liam
380,2026-03-25 21:20:36.406598,inworld_voice_pippa,af_aoede,af_aoede
381,2026-03-25 21:20:45.208182,inworld_voice_derek,am_liam,inworld_voice_derek
382,2026-03-25 21:20:57.515256,inworld_voice_jake,af_aoede,af_aoede
383,2026-03-25 21:21:00.741044,inworld_voice_darlene,am_liam,am_liam
384,2026-03-25 21:21:10.179152,af_aoede,inworld_voice_levi,inworld_voice_levi
385,2026-03-25 21:21:18.897294,am_liam,inworld_voice_marcus,am_liam
386,2026-03-25 21:21:24.197450,inworld_voice_reed,af_aoede,inworld_voice_reed
387,2026-03-25 21:21:31.161640,inworld_voice_felix,am_liam,inworld_voice_felix
388,2026-03-25 21:21:35.837406,en-US-BrianNeural,inworld_voice_sarah,inworld_voice_sarah
389,2026-03-25 21:21:40.761543,af_aoede,inworld_voice_liam,af_aoede
390,2026-03-25 21:21:46.214219,en-US-BrianNeural,inworld_voice_edward,en-US-BrianNeural
391,2026-03-25 21:21:54.282199,inworld_voice_gareth,en-US-AndrewNeural,en-US-AndrewNeural
392,2026-03-26 00:02:58.304314,inworld_voice_selene,am_liam,am_liam
393,2026-03-26 00:03:05.716764,en-US-BrianMultilingualNeural,inworld_voice_mia,inworld_voice_mia
394,2026-03-26 12:36:04.238364,en-US-BrianNeural,inworld_voice_jessica,inworld_voice_jessica
395,2026-03-26 12:36:07.404469,af_jessica,inworld_voice_hamish,af_jessica
396,2026-03-26 12:36:21.650023,inworld_voice_elliot,af_river,inworld_voice_elliot
397,2026-03-26 12:36:28.708179,inworld_voice_conrad,bf_lily,bf_lily
398,2026-03-26 12:36:40.113027,inworld_voice_julia,am_puck,am_puck
399,2026-03-26 12:36:47.363068,inworld_voice_jonah,af_river,af_river
400,2026-03-26 12:36:58.891164,en-US-EmmaMultilingualNeural,inworld_voice_dennis,inworld_voice_dennis
401,2026-03-26 12:37:09.654004,af_nova,inworld_voice_miranda,af_nova
402,2026-03-26 12:38:14.441363,inworld_voice_elizabeth,af_river,af_river
403,2026-03-26 12:38:25.832080,en-US-AndrewNeural,inworld_voice_avery,en-US-AndrewNeural
404,2026-03-26 12:38:48.929438,inworld_voice_oliver,am_fenrir,inworld_voice_oliver
405,2026-03-26 12:39:09.092132,inworld_voice_nadia,af_nova,inworld_voice_nadia
406,2026-03-26 12:39:16.685500,am_fenrir,inworld_voice_ethan,am_fenrir
407,2026-03-26 12:39:27.818579,en-US-EmmaNeural,inworld_voice_brandon,inworld_voice_brandon
408,2026-03-26 12:39:36.236209,am_fenrir,inworld_voice_victoria,inworld_voice_victoria
409,2026-03-26 12:39:47.340074,af_nova,inworld_voice_arjun,af_nova
410,2026-03-26 12:39:57.782160,inworld_voice_clive,am_fenrir,inworld_voice_clive
411,2026-03-26 12:40:09.630952,inworld_voice_sebastian,am_echo,am_echo
